month;soil.depth;dist;soil.moist;rep
JL-2017;P1-20;D0;2,95;a
JL-2017;P1-20;D0;1,975;b
JL-2017;P1-20;D0;1,85;c
JL-2017;P1-20;D1-0.5;2,635;a
JL-2017;P1-20;D1-0.5;2,31;b
JL-2017;P1-20;D1-0.5;1,76;c
JL-2017;P1-20;D2-1.5;2,483;a
JL-2017;P1-20;D2-1.5;2,756;b
JL-2017;P1-20;D2-1.5;4,059;c
JL-2017;P1-20;ctrl-S/B;1,34;a
JL-2017;P1-20;ctrl-S/B;1,232;b
JL-2017;P1-20;ctrl-S/B;1,25;c
JL-2017;P2-30;D0;1,764;a
JL-2017;P2-30;D0;1,096;b
JL-2017;P2-30;D0;1,34;c
JL-2017;P2-30;D1-0.5;1,76;a
JL-2017;P2-30;D1-0.5;1,504;b
JL-2017;P2-30;D1-0.5;1,059;c
JL-2017;P2-30;D2-1.5;3,47;a
JL-2017;P2-30;D2-1.5;2,363;b
JL-2017;P2-30;D2-1.5;2,779;c
JL-2017;P2-30;ctrl-S/B;1,71;a
JL-2017;P2-30;ctrl-S/B;1,84;b
JL-2017;P2-30;ctrl-S/B;1,77;c
JL-2017;P3-40;D0;3,831;a
JL-2017;P3-40;D0;4,545;b
JL-2017;P3-40;D0;3,001;c
JL-2017;P3-40;D1-0.5;5,419;a
JL-2017;P3-40;D1-0.5;3,097;b
JL-2017;P3-40;D1-0.5;4,115;c
JL-2017;P3-40;D2-1.5;2,827;a
JL-2017;P3-40;D2-1.5;3,67;b
JL-2017;P3-40;D2-1.5;5,512;c
JL-2017;P3-40;ctrl-S/B;4,35;a
JL-2017;P3-40;ctrl-S/B;4,65;b
JL-2017;P3-40;ctrl-S/B;4,23;c
JL-2017;P4-50;D0;3,156;a
JL-2017;P4-50;D0;3,36;b
JL-2017;P4-50;D0;4,594;c
JL-2017;P4-50;D1-0.5;2,944;a
JL-2017;P4-50;D1-0.5;1,487;b
JL-2017;P4-50;D1-0.5;3,22;c
JL-2017;P4-50;D2-1.5;4,36;a
JL-2017;P4-50;D2-1.5;6,612;b
JL-2017;P4-50;D2-1.5;5,214;c
JL-2017;P4-50;ctrl-S/B;4,35;a
JL-2017;P4-50;ctrl-S/B;3,78;b
JL-2017;P4-50;ctrl-S/B;5,571;c
AG-2017;P1-20;D0;4,353;a
AG-2017;P1-20;D0;3,766;b
AG-2017;P1-20;D0;4,232;c
AG-2017;P1-20;D1-0.5;3,778;a
AG-2017;P1-20;D1-0.5;3,371;b
AG-2017;P1-20;D1-0.5;4,094;c
AG-2017;P1-20;D2-1.5;4,462;a
AG-2017;P1-20;D2-1.5;3,543;b
AG-2017;P1-20;D2-1.5;4,239;c
AG-2017;P1-20;ctrl-S/B;3,67;a
AG-2017;P1-20;ctrl-S/B;4,67;b
AG-2017;P1-20;ctrl-S/B;2,97;c
AG-2017;P2-30;D0;5,379;a
AG-2017;P2-30;D0;7,568;b
AG-2017;P2-30;D0;5,063;c
AG-2017;P2-30;D1-0.5;6,291;a
AG-2017;P2-30;D1-0.5;6,897;b
AG-2017;P2-30;D1-0.5;4,834;c
AG-2017;P2-30;D2-1.5;5,928;a
AG-2017;P2-30;D2-1.5;7,03;b
AG-2017;P2-30;D2-1.5;5,691;c
AG-2017;P2-30;ctrl-S/B;3,64;a
AG-2017;P2-30;ctrl-S/B;3,89;b
AG-2017;P2-30;ctrl-S/B;4,64;c
AG-2017;P3-40;D0;5,326;a
AG-2017;P3-40;D0;5,936;b
AG-2017;P3-40;D0;4,64;c
AG-2017;P3-40;D1-0.5;4,698;a
AG-2017;P3-40;D1-0.5;5,475;b
AG-2017;P3-40;D1-0.5;4,757;c
AG-2017;P3-40;D2-1.5;5,105;a
AG-2017;P3-40;D2-1.5;5,037;b
AG-2017;P3-40;D2-1.5;6,525;c
AG-2017;P3-40;ctrl-S/B;5,06;a
AG-2017;P3-40;ctrl-S/B;5,676;b
AG-2017;P3-40;ctrl-S/B;5,34;c
AG-2017;P4-50;D0;5,485;a
AG-2017;P4-50;D0;6,761;b
AG-2017;P4-50;D0;6,394;c
AG-2017;P4-50;D1-0.5;5,936;a
AG-2017;P4-50;D1-0.5;5,409;b
AG-2017;P4-50;D1-0.5;5,886;c
AG-2017;P4-50;D2-1.5;5,44;a
AG-2017;P4-50;D2-1.5;6,393;b
AG-2017;P4-50;D2-1.5;5,67;c
AG-2017;P4-50;ctrl-S/B;5,45;a
AG-2017;P4-50;ctrl-S/B;6,57;b
AG-2017;P4-50;ctrl-S/B;4,503;c
S-2017;P1-20;D0;2,822;a
S-2017;P1-20;D0;3,21;b
S-2017;P1-20;D0;3,498;c
S-2017;P1-20;D1-0.5;3,02;a
S-2017;P1-20;D1-0.5;2,989;b
S-2017;P1-20;D1-0.5;4,588;c
S-2017;P1-20;D2-1.5;3,202;a
S-2017;P1-20;D2-1.5;4,868;b
S-2017;P1-20;D2-1.5;4,083;c
S-2017;P1-20;ctrl-S/B;3,28;a
S-2017;P1-20;ctrl-S/B;4,38;b
S-2017;P1-20;ctrl-S/B;4,573;c
S-2017;P2-30;D0;4,819;a
S-2017;P2-30;D0;4,401;b
S-2017;P2-30;D0;4,384;c
S-2017;P2-30;D1-0.5;4,773;a
S-2017;P2-30;D1-0.5;4,43;b
S-2017;P2-30;D1-0.5;3,887;c
S-2017;P2-30;D2-1.5;5,092;a
S-2017;P2-30;D2-1.5;3,623;b
S-2017;P2-30;D2-1.5;4,762;c
S-2017;P2-30;ctrl-S/B;3,75;a
S-2017;P2-30;ctrl-S/B;4,34;b
S-2017;P2-30;ctrl-S/B;4,33;c
S-2017;P3-40;D0;5,186;a
S-2017;P3-40;D0;4,679;b
S-2017;P3-40;D0;7,992;c
S-2017;P3-40;D1-0.5;4,86;a
S-2017;P3-40;D1-0.5;5,41;b
S-2017;P3-40;D1-0.5;6,852;c
S-2017;P3-40;D2-1.5;6,011;a
S-2017;P3-40;D2-1.5;4,411;b
S-2017;P3-40;D2-1.5;4,878;c
S-2017;P3-40;ctrl-S/B;4,04;a
S-2017;P3-40;ctrl-S/B;4,67;b
S-2017;P3-40;ctrl-S/B;5,04;c
S-2017;P4-50;D0;5,942;a
S-2017;P4-50;D0;5,295;b
S-2017;P4-50;D0;7,045;c
S-2017;P4-50;D1-0.5;5,947;a
S-2017;P4-50;D1-0.5;4,483;b
S-2017;P4-50;D1-0.5;6,02;c
S-2017;P4-50;D2-1.5;6,764;a
S-2017;P4-50;D2-1.5;5,365;b
S-2017;P4-50;D2-1.5;4,32;c
S-2017;P4-50;ctrl-S/B;5,16;a
S-2017;P4-50;ctrl-S/B;6,04;b
S-2017;P4-50;ctrl-S/B;4,16;c
O-2017;P1-20;D0;3,432;a
O-2017;P1-20;D0;3,883;b
O-2017;P1-20;D0;3,184;c
O-2017;P1-20;D1-0.5;4,989;a
O-2017;P1-20;D1-0.5;4,302;b
O-2017;P1-20;D1-0.5;2,806;c
O-2017;P1-20;D2-1.5;2,796;a
O-2017;P1-20;D2-1.5;3,537;b
O-2017;P1-20;D2-1.5;3,302;c
O-2017;P1-20;ctrl-S/B;3,64;a
O-2017;P1-20;ctrl-S/B;3,01;b
O-2017;P1-20;ctrl-S/B;2,76;c
O-2017;P2-30;D0;6,315;a
O-2017;P2-30;D0;7,879;b
O-2017;P2-30;D0;5,206;c
O-2017;P2-30;D1-0.5;8,571;a
O-2017;P2-30;D1-0.5;7,621;b
O-2017;P2-30;D1-0.5;3,587;c
O-2017;P2-30;D2-1.5;5,727;a
O-2017;P2-30;D2-1.5;5,571;b
O-2017;P2-30;D2-1.5;3,573;c
O-2017;P2-30;ctrl-S/B;4,49;a
O-2017;P2-30;ctrl-S/B;5,09;b
O-2017;P2-30;ctrl-S/B;4,77;c
O-2017;P3-40;D0;6,933;a
O-2017;P3-40;D0;5,807;b
O-2017;P3-40;D0;5,822;c
O-2017;P3-40;D1-0.5;6,015;a
O-2017;P3-40;D1-0.5;6,586;b
O-2017;P3-40;D1-0.5;5,118;c
O-2017;P3-40;D2-1.5;5,896;a
O-2017;P3-40;D2-1.5;5,737;b
O-2017;P3-40;D2-1.5;5,479;c
O-2017;P3-40;ctrl-S/B;4,74;a
O-2017;P3-40;ctrl-S/B;4,89;b
O-2017;P3-40;ctrl-S/B;4,34;c
O-2017;P4-50;D0;5,029;a
O-2017;P4-50;D0;5,459;b
O-2017;P4-50;D0;4,758;c
O-2017;P4-50;D1-0.5;6,28;a
O-2017;P4-50;D1-0.5;5,548;b
O-2017;P4-50;D1-0.5;5,092;c
O-2017;P4-50;D2-1.5;6,014;a
O-2017;P4-50;D2-1.5;6,126;b
O-2017;P4-50;D2-1.5;4,855;c
O-2017;P4-50;ctrl-S/B;5,36;a
O-2017;P4-50;ctrl-S/B;4,45;b
O-2017;P4-50;ctrl-S/B;5,03;c
N-2017;P1-20;D0;5,759;a
N-2017;P1-20;D0;4,392;b
N-2017;P1-20;D0;3,022;c
N-2017;P1-20;D1-0.5;5,989;a
N-2017;P1-20;D1-0.5;6,115;b
N-2017;P1-20;D1-0.5;4,89;c
N-2017;P1-20;D2-1.5;4,891;a
N-2017;P1-20;D2-1.5;5,142;b
N-2017;P1-20;D2-1.5;4,182;c
N-2017;P1-20;ctrl-S/B;3,08;a
N-2017;P1-20;ctrl-S/B;4,07;b
N-2017;P1-20;ctrl-S/B;3,69;c
N-2017;P2-30;D0;6,449;a
N-2017;P2-30;D0;6,474;b
N-2017;P2-30;D0;4,436;c
N-2017;P2-30;D1-0.5;7,759;a
N-2017;P2-30;D1-0.5;7,69;b
N-2017;P2-30;D1-0.5;6,442;c
N-2017;P2-30;D2-1.5;6,115;a
N-2017;P2-30;D2-1.5;8,771;b
N-2017;P2-30;D2-1.5;6,609;c
N-2017;P2-30;ctrl-S/B;4,76;a
N-2017;P2-30;ctrl-S/B;3,99;b
N-2017;P2-30;ctrl-S/B;4,76;c
N-2017;P3-40;D0;7,939;a
N-2017;P3-40;D0;8,816;b
N-2017;P3-40;D0;7,619;c
N-2017;P3-40;D1-0.5;8,68;a
N-2017;P3-40;D1-0.5;7,302;b
N-2017;P3-40;D1-0.5;5,1;c
N-2017;P3-40;D2-1.5;7,864;a
N-2017;P3-40;D2-1.5;7,84;b
N-2017;P3-40;D2-1.5;7,544;c
N-2017;P3-40;ctrl-S/B;5,57;a
N-2017;P3-40;ctrl-S/B;6,67;b
N-2017;P3-40;ctrl-S/B;4,57;c
N-2017;P4-50;D0;6,671;a
N-2017;P4-50;D0;9,687;b
N-2017;P4-50;D0;5,613;c
N-2017;P4-50;D1-0.5;7,602;a
N-2017;P4-50;D1-0.5;10,845;b
N-2017;P4-50;D1-0.5;7,389;c
N-2017;P4-50;D2-1.5;8,01;a
N-2017;P4-50;D2-1.5;9,722;b
N-2017;P4-50;D2-1.5;6,65;c
N-2017;P4-50;ctrl-S/B;6,41;a
N-2017;P4-50;ctrl-S/B;5,48;b
N-2017;P4-50;ctrl-S/B;5,99;c
D-2017;P1-20;D0;2,959;a
D-2017;P1-20;D0;3,581;b
D-2017;P1-20;D0;3,604;c
D-2017;P1-20;D1-0.5;4,066;a
D-2017;P1-20;D1-0.5;3,617;b
D-2017;P1-20;D1-0.5;5,226;c
D-2017;P1-20;D2-1.5;4,68;a
D-2017;P1-20;D2-1.5;2,763;b
D-2017;P1-20;D2-1.5;5,84;c
D-2017;P1-20;ctrl-S/B;3,31;a
D-2017;P1-20;ctrl-S/B;3,31;b
D-2017;P1-20;ctrl-S/B;2,04;c
D-2017;P2-30;D0;3,085;a
D-2017;P2-30;D0;4,167;b
D-2017;P2-30;D0;4,242;c
D-2017;P2-30;D1-0.5;3,665;a
D-2017;P2-30;D1-0.5;4,675;b
D-2017;P2-30;D1-0.5;4,609;c
D-2017;P2-30;D2-1.5;6,432;a
D-2017;P2-30;D2-1.5;4,468;b
D-2017;P2-30;D2-1.5;4,651;c
D-2017;P2-30;ctrl-S/B;4,23;a
D-2017;P2-30;ctrl-S/B;5,03;b
D-2017;P2-30;ctrl-S/B;4,29;c
D-2017;P3-40;D0;5,068;a
D-2017;P3-40;D0;4,135;b
D-2017;P3-40;D0;4,789;c
D-2017;P3-40;D1-0.5;5,941;a
D-2017;P3-40;D1-0.5;4,355;b
D-2017;P3-40;D1-0.5;4,819;c
D-2017;P3-40;D2-1.5;7,732;a
D-2017;P3-40;D2-1.5;5,337;b
D-2017;P3-40;D2-1.5;4,438;c
D-2017;P3-40;ctrl-S/B;4,64;a
D-2017;P3-40;ctrl-S/B;3,99;b
D-2017;P3-40;ctrl-S/B;4,03;c
D-2017;P4-50;D0;6,192;a
D-2017;P4-50;D0;5,526;b
D-2017;P4-50;D0;4,836;c
D-2017;P4-50;D1-0.5;6,625;a
D-2017;P4-50;D1-0.5;4,806;b
D-2017;P4-50;D1-0.5;4,591;c
D-2017;P4-50;D2-1.5;6,458;a
D-2017;P4-50;D2-1.5;6,452;b
D-2017;P4-50;D2-1.5;3,063;c
D-2017;P4-50;ctrl-S/B;5,02;a
D-2017;P4-50;ctrl-S/B;4,89;b
D-2017;P4-50;ctrl-S/B;4,33;c
E-2018;P1-20;D0;4,518;a
E-2018;P1-20;D0;3,403;b
E-2018;P1-20;D0;3,125;c
E-2018;P1-20;D1-0.5;3,336;a
E-2018;P1-20;D1-0.5;3,962;b
E-2018;P1-20;D1-0.5;2,503;c
E-2018;P1-20;D2-1.5;4,885;a
E-2018;P1-20;D2-1.5;3,096;b
E-2018;P1-20;D2-1.5;3,424;c
E-2018;P1-20;ctrl-S/B;2,91;a
E-2018;P1-20;ctrl-S/B;3,45;b
E-2018;P1-20;ctrl-S/B;3,91;c
E-2018;P2-30;D0;3,05;a
E-2018;P2-30;D0;3,645;b
E-2018;P2-30;D0;3,188;c
E-2018;P2-30;D1-0.5;4,887;a
E-2018;P2-30;D1-0.5;4,39;b
E-2018;P2-30;D1-0.5;4,18;c
E-2018;P2-30;D2-1.5;3,7;a
E-2018;P2-30;D2-1.5;3,705;b
E-2018;P2-30;D2-1.5;2,792;c
E-2018;P2-30;ctrl-S/B;3;a
E-2018;P2-30;ctrl-S/B;3,33;b
E-2018;P2-30;ctrl-S/B;2,83;c
E-2018;P3-40;D0;4,163;a
E-2018;P3-40;D0;4,419;b
E-2018;P3-40;D0;3,199;c
E-2018;P3-40;D1-0.5;6,89;a
E-2018;P3-40;D1-0.5;3,331;b
E-2018;P3-40;D1-0.5;4,472;c
E-2018;P3-40;D2-1.5;5,488;a
E-2018;P3-40;D2-1.5;4,111;b
E-2018;P3-40;D2-1.5;3,872;c
E-2018;P3-40;ctrl-S/B;4,79;a
E-2018;P3-40;ctrl-S/B;3,37;b
E-2018;P3-40;ctrl-S/B;3,579;c
E-2018;P4-50;D0;4,315;a
E-2018;P4-50;D0;3,587;b
E-2018;P4-50;D0;3,545;c
E-2018;P4-50;D1-0.5;7,143;a
E-2018;P4-50;D1-0.5;4,727;b
E-2018;P4-50;D1-0.5;4,638;c
E-2018;P4-50;D2-1.5;4,405;a
E-2018;P4-50;D2-1.5;3,947;b
E-2018;P4-50;D2-1.5;3,503;c
E-2018;P4-50;ctrl-S/B;5,2;a
E-2018;P4-50;ctrl-S/B;3,23;b
E-2018;P4-50;ctrl-S/B;2,99;c
F-2018;P1-20;D0;4,157;a
F-2018;P1-20;D0;7,075;b
F-2018;P1-20;D0;3,022;c
F-2018;P1-20;D1-0.5;8,812;a
F-2018;P1-20;D1-0.5;4,021;b
F-2018;P1-20;D1-0.5;4,042;c
F-2018;P1-20;D2-1.5;8,468;a
F-2018;P1-20;D2-1.5;8,082;b
F-2018;P1-20;D2-1.5;4,754;c
F-2018;P1-20;ctrl-S/B;6,696;a
F-2018;P1-20;ctrl-S/B;5,779;b
F-2018;P1-20;ctrl-S/B;5,696;c
F-2018;P2-30;D0;3,586;a
F-2018;P2-30;D0;5,408;b
F-2018;P2-30;D0;3,914;c
F-2018;P2-30;D1-0.5;5,377;a
F-2018;P2-30;D1-0.5;5,577;b
F-2018;P2-30;D1-0.5;3,696;c
F-2018;P2-30;D2-1.5;5,385;a
F-2018;P2-30;D2-1.5;6,312;b
F-2018;P2-30;D2-1.5;4,067;c
F-2018;P2-30;ctrl-S/B;4,87;a
F-2018;P2-30;ctrl-S/B;5,33;b
F-2018;P2-30;ctrl-S/B;4,17;c
F-2018;P3-40;D0;5,354;a
F-2018;P3-40;D0;4,947;b
F-2018;P3-40;D0;4,824;c
F-2018;P3-40;D1-0.5;6,825;a
F-2018;P3-40;D1-0.5;4,907;b
F-2018;P3-40;D1-0.5;8,176;c
F-2018;P3-40;D2-1.5;6,486;a
F-2018;P3-40;D2-1.5;5,395;b
F-2018;P3-40;D2-1.5;7,634;c
F-2018;P3-40;ctrl-S/B;4,83;a
F-2018;P3-40;ctrl-S/B;5,21;b
F-2018;P3-40;ctrl-S/B;5;c
F-2018;P4-50;D0;6,756;a
F-2018;P4-50;D0;5,316;b
F-2018;P4-50;D0;5,818;c
F-2018;P4-50;D1-0.5;10,983;a
F-2018;P4-50;D1-0.5;6,719;b
F-2018;P4-50;D1-0.5;8,024;c
F-2018;P4-50;D2-1.5;8,933;a
F-2018;P4-50;D2-1.5;8,473;b
F-2018;P4-50;D2-1.5;5,659;c
F-2018;P4-50;ctrl-S/B;6,59;a
F-2018;P4-50;ctrl-S/B;7,016;b
F-2018;P4-50;ctrl-S/B;7,33;c
MR-2018;P1-20;D0;12,577;a
MR-2018;P1-20;D0;6,588;b
MR-2018;P1-20;D0;9,386;c
MR-2018;P1-20;D1-0.5;12,607;a
MR-2018;P1-20;D1-0.5;15,067;b
MR-2018;P1-20;D1-0.5;8,449;c
MR-2018;P1-20;D2-1.5;14,291;a
MR-2018;P1-20;D2-1.5;15,596;b
MR-2018;P1-20;D2-1.5;11,787;c
MR-2018;P1-20;ctrl-S/B;9,58;a
MR-2018;P1-20;ctrl-S/B;10,45;b
MR-2018;P1-20;ctrl-S/B;7,59;c
MR-2018;P2-30;D0;12,496;a
MR-2018;P2-30;D0;7,685;b
MR-2018;P2-30;D0;12,2;c
MR-2018;P2-30;D1-0.5;10,876;a
MR-2018;P2-30;D1-0.5;8,179;b
MR-2018;P2-30;D1-0.5;11,37;c
MR-2018;P2-30;D2-1.5;10,669;a
MR-2018;P2-30;D2-1.5;11,918;b
MR-2018;P2-30;D2-1.5;12,725;c
MR-2018;P2-30;ctrl-S/B;9,67;a
MR-2018;P2-30;ctrl-S/B;10,043;b
MR-2018;P2-30;ctrl-S/B;7,23;c
MR-2018;P3-40;D0;11,467;a
MR-2018;P3-40;D0;10,1;b
MR-2018;P3-40;D0;9,484;c
MR-2018;P3-40;D1-0.5;10,873;a
MR-2018;P3-40;D1-0.5;9,784;b
MR-2018;P3-40;D1-0.5;8,39;c
MR-2018;P3-40;D2-1.5;12,937;a
MR-2018;P3-40;D2-1.5;8,618;b
MR-2018;P3-40;D2-1.5;11,022;c
MR-2018;P3-40;ctrl-S/B;9,5;a
MR-2018;P3-40;ctrl-S/B;8,985;b
MR-2018;P3-40;ctrl-S/B;11,502;c
MR-2018;P4-50;D0;14,826;a
MR-2018;P4-50;D0;9,118;b
MR-2018;P4-50;D0;7,257;c
MR-2018;P4-50;D1-0.5;11,999;a
MR-2018;P4-50;D1-0.5;8,623;b
MR-2018;P4-50;D1-0.5;9,331;c
MR-2018;P4-50;D2-1.5;14,038;a
MR-2018;P4-50;D2-1.5;12,082;b
MR-2018;P4-50;D2-1.5;7,303;c
MR-2018;P4-50;ctrl-S/B;11,4;a
MR-2018;P4-50;ctrl-S/B;10,04;b
MR-2018;P4-50;ctrl-S/B;8,412;c
AB-2018;P1-20;D0;8,692;a
AB-2018;P1-20;D0;7,143;b
AB-2018;P1-20;D0;10,385;c
AB-2018;P1-20;D1-0.5;9,091;a
AB-2018;P1-20;D1-0.5;7,692;b
AB-2018;P1-20;D1-0.5;12,667;c
AB-2018;P1-20;D2-1.5;8,333;a
AB-2018;P1-20;D2-1.5;9,375;b
AB-2018;P1-20;D2-1.5;10,505;c
AB-2018;P1-20;ctrl-S/B;9,53;a
AB-2018;P1-20;ctrl-S/B;7,692;b
AB-2018;P1-20;ctrl-S/B;6,969;c
AB-2018;P2-30;D0;7,143;a
AB-2018;P2-30;D0;9,091;b
AB-2018;P2-30;D0;7,692;c
AB-2018;P2-30;D1-0.5;7,692;a
AB-2018;P2-30;D1-0.5;7,692;b
AB-2018;P2-30;D1-0.5;7,692;c
AB-2018;P2-30;D2-1.5;7,692;a
AB-2018;P2-30;D2-1.5;7,692;b
AB-2018;P2-30;D2-1.5;9,091;c
AB-2018;P2-30;ctrl-S/B;6,14;a
AB-2018;P2-30;ctrl-S/B;7,002;b
AB-2018;P2-30;ctrl-S/B;6,17;c
AB-2018;P3-40;D0;12,043;a
AB-2018;P3-40;D0;7,692;b
AB-2018;P3-40;D0;9,091;c
AB-2018;P3-40;D1-0.5;9,111;a
AB-2018;P3-40;D1-0.5;6,667;b
AB-2018;P3-40;D1-0.5;7,692;c
AB-2018;P3-40;D2-1.5;10,035;a
AB-2018;P3-40;D2-1.5;7,143;b
AB-2018;P3-40;D2-1.5;12,667;c
AB-2018;P3-40;ctrl-S/B;9,05;a
AB-2018;P3-40;ctrl-S/B;6,02;b
AB-2018;P3-40;ctrl-S/B;8,034;c
AB-2018;P4-50;D0;15,789;a
AB-2018;P4-50;D0;6,25;b
AB-2018;P4-50;D0;14,667;c
AB-2018;P4-50;D1-0.5;12,286;a
AB-2018;P4-50;D1-0.5;8,25;b
AB-2018;P4-50;D1-0.5;12,091;c
AB-2018;P4-50;D2-1.5;14,035;a
AB-2018;P4-50;D2-1.5;8,692;b
AB-2018;P4-50;D2-1.5;13,182;c
AB-2018;P4-50;ctrl-S/B;8,33;a
AB-2018;P4-50;ctrl-S/B;8,563;b
AB-2018;P4-50;ctrl-S/B;7,993;c
MY-2018;P1-20;D0;7,143;a
MY-2018;P1-20;D0;6,92;b
MY-2018;P1-20;D0;7,692;c
MY-2018;P1-20;D1-0.5;7,692;a
MY-2018;P1-20;D1-0.5;5,031;b
MY-2018;P1-20;D1-0.5;6,091;c
MY-2018;P1-20;D2-1.5;5,091;a
MY-2018;P1-20;D2-1.5;6,482;b
MY-2018;P1-20;D2-1.5;6,333;c
MY-2018;P1-20;ctrl-S/B;5,14;a
MY-2018;P1-20;ctrl-S/B;4,78;b
MY-2018;P1-20;ctrl-S/B;4,66;c
MY-2018;P2-30;D0;7,692;a
MY-2018;P2-30;D0;6,287;b
MY-2018;P2-30;D0;7,143;c
MY-2018;P2-30;D1-0.5;7,692;a
MY-2018;P2-30;D1-0.5;9,91;b
MY-2018;P2-30;D1-0.5;7,692;c
MY-2018;P2-30;D2-1.5;9,091;a
MY-2018;P2-30;D2-1.5;9,99;b
MY-2018;P2-30;D2-1.5;7,692;c
MY-2018;P2-30;ctrl-S/B;6,714;a
MY-2018;P2-30;ctrl-S/B;5,997;b
MY-2018;P2-30;ctrl-S/B;5,714;c
MY-2018;P3-40;D0;12,647;a
MY-2018;P3-40;D0;12,989;b
MY-2018;P3-40;D0;11,111;c
MY-2018;P3-40;D1-0.5;12,667;a
MY-2018;P3-40;D1-0.5;9,063;b
MY-2018;P3-40;D1-0.5;10,069;c
MY-2018;P3-40;D2-1.5;14,667;a
MY-2018;P3-40;D2-1.5;8,173;b
MY-2018;P3-40;D2-1.5;10,169;c
MY-2018;P3-40;ctrl-S/B;9,7;a
MY-2018;P3-40;ctrl-S/B;8,393;b
MY-2018;P3-40;ctrl-S/B;9,998;c
MY-2018;P4-50;D0;16,667;a
MY-2018;P4-50;D0;13,5;b
MY-2018;P4-50;D0;12,023;c
MY-2018;P4-50;D1-0.5;10,3;a
MY-2018;P4-50;D1-0.5;12,085;b
MY-2018;P4-50;D1-0.5;10,091;c
MY-2018;P4-50;D2-1.5;12,044;a
MY-2018;P4-50;D2-1.5;11,957;b
MY-2018;P4-50;D2-1.5;8,333;c
MY-2018;P4-50;ctrl-S/B;8,11;a
MY-2018;P4-50;ctrl-S/B;9,45;b
MY-2018;P4-50;ctrl-S/B;9,551;c
JN-2018;P1-20;D0;6,707;a
JN-2018;P1-20;D0;7,899;b
JN-2018;P1-20;D0;6,006;c
JN-2018;P1-20;D1-0.5;5,559;a
JN-2018;P1-20;D1-0.5;4,278;b
JN-2018;P1-20;D1-0.5;6,878;c
JN-2018;P1-20;D2-1.5;8,161;a
JN-2018;P1-20;D2-1.5;9,15;b
JN-2018;P1-20;D2-1.5;9,954;c
JN-2018;P1-20;ctrl-S/B;7,21;a
JN-2018;P1-20;ctrl-S/B;6,34;b
JN-2018;P1-20;ctrl-S/B;5,21;c
JN-2018;P2-30;D0;5,67;a
JN-2018;P2-30;D0;6,373;b
JN-2018;P2-30;D0;9,15;c
JN-2018;P2-30;D1-0.5;5,634;a
JN-2018;P2-30;D1-0.5;5,919;b
JN-2018;P2-30;D1-0.5;4,061;c
JN-2018;P2-30;D2-1.5;7,373;a
JN-2018;P2-30;D2-1.5;9,684;b
JN-2018;P2-30;D2-1.5;6,791;c
JN-2018;P2-30;ctrl-S/B;5,861;a
JN-2018;P2-30;ctrl-S/B;4,09;b
JN-2018;P2-30;ctrl-S/B;4,86;c
JN-2018;P3-40;D0;5,691;a
JN-2018;P3-40;D0;6,82;b
JN-2018;P3-40;D0;4,908;c
JN-2018;P3-40;D1-0.5;5,501;a
JN-2018;P3-40;D1-0.5;5,777;b
JN-2018;P3-40;D1-0.5;7,964;c
JN-2018;P3-40;D2-1.5;5,263;a
JN-2018;P3-40;D2-1.5;8,514;b
JN-2018;P3-40;D2-1.5;6,905;c
JN-2018;P3-40;ctrl-S/B;5,007;a
JN-2018;P3-40;ctrl-S/B;4,99;b
JN-2018;P3-40;ctrl-S/B;5,18;c
JN-2018;P4-50;D0;5,184;a
JN-2018;P4-50;D0;5,259;b
JN-2018;P4-50;D0;6,919;c
JN-2018;P4-50;D1-0.5;6,141;a
JN-2018;P4-50;D1-0.5;5,928;b
JN-2018;P4-50;D1-0.5;6,856;c
JN-2018;P4-50;D2-1.5;7,219;a
JN-2018;P4-50;D2-1.5;6,611;b
JN-2018;P4-50;D2-1.5;7,333;c
JN-2018;P4-50;ctrl-S/B;5,34;a
JN-2018;P4-50;ctrl-S/B;5,432;b
JN-2018;P4-50;ctrl-S/B;6,34;c
JL-2018;P1-20;D0;6,924;a
JL-2018;P1-20;D0;6,089;b
JL-2018;P1-20;D0;4,882;c
JL-2018;P1-20;D1-0.5;6,699;a
JL-2018;P1-20;D1-0.5;5,687;b
JL-2018;P1-20;D1-0.5;8,113;c
JL-2018;P1-20;D2-1.5;5,219;a
JL-2018;P1-20;D2-1.5;4,782;b
JL-2018;P1-20;D2-1.5;6,301;c
JL-2018;P1-20;ctrl-S/B;4,81;a
JL-2018;P1-20;ctrl-S/B;5,012;b
JL-2018;P1-20;ctrl-S/B;5,37;c
JL-2018;P2-30;D0;6,329;a
JL-2018;P2-30;D0;7,398;b
JL-2018;P2-30;D0;7,729;c
JL-2018;P2-30;D1-0.5;5,709;a
JL-2018;P2-30;D1-0.5;6,724;b
JL-2018;P2-30;D1-0.5;7,13;c
JL-2018;P2-30;D2-1.5;5,3;a
JL-2018;P2-30;D2-1.5;5,38;b
JL-2018;P2-30;D2-1.5;8,981;c
JL-2018;P2-30;ctrl-S/B;4,44;a
JL-2018;P2-30;ctrl-S/B;5,44;b
JL-2018;P2-30;ctrl-S/B;4,002;c
JL-2018;P3-40;D0;5,217;a
JL-2018;P3-40;D0;7,08;b
JL-2018;P3-40;D0;8,333;c
JL-2018;P3-40;D1-0.5;6,091;a
JL-2018;P3-40;D1-0.5;6,77;b
JL-2018;P3-40;D1-0.5;9,066;c
JL-2018;P3-40;D2-1.5;8,45;a
JL-2018;P3-40;D2-1.5;6,065;b
JL-2018;P3-40;D2-1.5;4,965;c
JL-2018;P3-40;ctrl-S/B;5,16;a
JL-2018;P3-40;ctrl-S/B;4,356;b
JL-2018;P3-40;ctrl-S/B;6,66;c
JL-2018;P4-50;D0;6,667;a
JL-2018;P4-50;D0;6,512;b
JL-2018;P4-50;D0;9,6;c
JL-2018;P4-50;D1-0.5;8,054;a
JL-2018;P4-50;D1-0.5;8,054;b
JL-2018;P4-50;D1-0.5;9,375;c
JL-2018;P4-50;D2-1.5;8,01;a
JL-2018;P4-50;D2-1.5;9,824;b
JL-2018;P4-50;D2-1.5;7,329;c
JL-2018;P4-50;ctrl-S/B;6,63;a
JL-2018;P4-50;ctrl-S/B;7,063;b
JL-2018;P4-50;ctrl-S/B;5,63;c
AG-2018;P1-20;D0;6,522;a
AG-2018;P1-20;D0;7,098;b
AG-2018;P1-20;D0;4,619;c
AG-2018;P1-20;D1-0.5;6,101;a
AG-2018;P1-20;D1-0.5;5,277;b
AG-2018;P1-20;D1-0.5;4,695;c
AG-2018;P1-20;D2-1.5;7,182;a
AG-2018;P1-20;D2-1.5;6,103;b
AG-2018;P1-20;D2-1.5;4,132;c
AG-2018;P1-20;ctrl-S/B;5,21;a
AG-2018;P1-20;ctrl-S/B;5,022;b
AG-2018;P1-20;ctrl-S/B;4,987;c
AG-2018;P2-30;D0;5,836;a
AG-2018;P2-30;D0;5,565;b
AG-2018;P2-30;D0;6,167;c
AG-2018;P2-30;D1-0.5;5,52;a
AG-2018;P2-30;D1-0.5;4,624;b
AG-2018;P2-30;D1-0.5;6,759;c
AG-2018;P2-30;D2-1.5;7,614;a
AG-2018;P2-30;D2-1.5;6,609;b
AG-2018;P2-30;D2-1.5;6,197;c
AG-2018;P2-30;ctrl-S/B;6,43;a
AG-2018;P2-30;ctrl-S/B;5,987;b
AG-2018;P2-30;ctrl-S/B;6,43;c
AG-2018;P3-40;D0;8,654;a
AG-2018;P3-40;D0;6,174;b
AG-2018;P3-40;D0;4,4;c
AG-2018;P3-40;D1-0.5;7,161;a
AG-2018;P3-40;D1-0.5;5,122;b
AG-2018;P3-40;D1-0.5;5,42;c
AG-2018;P3-40;D2-1.5;7,185;a
AG-2018;P3-40;D2-1.5;6,591;b
AG-2018;P3-40;D2-1.5;7,533;c
AG-2018;P3-40;ctrl-S/B;5,68;a
AG-2018;P3-40;ctrl-S/B;6,78;b
AG-2018;P3-40;ctrl-S/B;5,68;c
AG-2018;P4-50;D0;7,204;a
AG-2018;P4-50;D0;5,281;b
AG-2018;P4-50;D0;7,367;c
AG-2018;P4-50;D1-0.5;8,298;a
AG-2018;P4-50;D1-0.5;5,738;b
AG-2018;P4-50;D1-0.5;9,898;c
AG-2018;P4-50;D2-1.5;6,107;a
AG-2018;P4-50;D2-1.5;6,401;b
AG-2018;P4-50;D2-1.5;7,038;c
AG-2018;P4-50;ctrl-S/B;6,6;a
AG-2018;P4-50;ctrl-S/B;5,345;b
AG-2018;P4-50;ctrl-S/B;5,6;c
